{
    "Wing": {
        "label": "Wing",
        "wing_weight": 316.9022652196914,
        "surface": 16.51661837735746,
        "aspect_ratio": 8.630632841189042,
        "span": 11.939383107724108,
        "chord_root": 1.9081004758713365,
        "chord_tip": 0.8586452141421014,
        "chord_mac": 1.449717717874659,
        "thickness_to_chord": 0.12,
        "quarterchord_sweep": 0.0,
        "sweep_LE": 0.04394930844669424,
        "taper": 0.45,
        "x_lemac": 0.11459568949916937,
        "x_lewing": 7.528648078853665,
        "y_mac": 2.6074514832960696,
        "washout": 0.0
    },
    "Veetail": {
        "label": "Vtail",
        "vtail_weight": 96.78643753149224,
        "surface": 8.21239425334708,
        "virtual_hor_surface": 6.448311799282002,
        "virtual_ver_surface": null,
        "aspect_ratio": 5.0,
        "span": 6.407961553156776,
        "chord_root": 1.2815923106313551,
        "chord_tip": 1.2815923106313551,
        "chord_mac": 1.2815923106313551,
        "thickness_to_chord": 0.12,
        "quarterchord_sweep": 0.0,
        "taper": 1.0,
        "dihedral": 0.41983853510830543,
        "ruddervator_efficiency": 0.4758760234523192,
        "shs": 0.4972200765142945,
        "elevator_min": -0.3036872898470137,
        "rudder_max": 0.04537856055185214,
        "max_clh": -0.14,
        "c_control_surface_to_c_vee_ratio": 0.24440701758923938,
        "cL_cruise": 0.08339912643858281,
        "length_wing2vtail": 5.664631103240431
    },
    "Fuselage": {
        "label": "Fuselage",
        "fuselage_weight": 352.1228537872341,
        "length_fuselage": 13.26254234730662,
        "beta_crash": 0.5,
        "length_tail": 8.10354234730662,
        "diameter_fuselage": 2.0,
        "upsweep": 0.3285717509210912,
        "length_cabin": 2.7,
        "height_cabin": 1.6,
        "height_fuselage_outer": 2.0091103599053777,
        "height_fuselage_inner": 1.8091103599053775,
        "width_fuselage_inner": 2.08,
        "width_fuselage_outer": 2.2,
        "volume_fuselage": 8.0,
        "wetted_area": 64.4216229955669,
        "length_cockpit": 2.103,
        "crash_box_area": 1.245534708454903,
        "bc": 0.8240752438020332,
        "hc": 0.4923892440421531,
        "bf": 0.6326445036065793,
        "hf": 0.3
    },
    "AircraftParameters": {
        "label": "Aircraft",
        "MTOM": 3174.1514425740097,
        "OEM": 2664.1514425740097,
        "Stots": 12.0,
        "mission_energy": 1358881994.876318,
        "mission_time": 6330.138155311324,
        "climb_energy": 137683645.1257438,
        "cruise_energy": 1115140216.407955,
        "descend_energy": 0,
        "hover_energy": 38363999.35596445,
        "hor_loiter_energy": 67694133.98665479,
        "prop_eff": 0.821183036979768,
        "cruisePower": 269362.9930273748,
        "hoverPower": 1065666.6487767904,
        "max_thrust": 37353.281188591056,
        "max_thrust_per_engine": null,
        "glide_slope": 0.07200393539613671,
        "v_stall": 45.0,
        "v_climb": 49.48755998004882,
        "v_approach": null,
        "v_max": 90.0,
        "wing_loading_cruise": 1885.2749999999999,
        "TW_max": 1.2374269005847953,
        "n_max": 2.615175489668162,
        "n_ult": 3.9227632345022427,
        "turn_loadfactor": 0.9,
        "oem_cg": 7.359314323847782,
        "cg_front": 7.295495656520186,
        "cg_rear": 8.06131966445134,
        "cg_front_bar": 0.03147443640372698,
        "cg_rear_bar": 0.559731764357117,
        "wing_loc": 0.5728813559322035,
        "misc_mass": 319.4350480456303,
        "lg_mass": 129.7778372917058
    },
    "Aero": {
        "label": "Aero",
        "cd0_cruise": 0.03293216552367467,
        "cL_max": 1.6,
        "cL_alpha": 4.964583637697818,
        "e": 0.7931501489585909,
        "cL_endurance": 1.2564007917927311,
        "cL_alpha0_approach": 0.9098074699188742,
        "alpha_approach": 0.1832595714594046,
        "cd_cruise": 0.047604900633302,
        "cd_upsweep": 0.015220726052860317,
        "cd_base": 0.0,
        "cL_cruise": 0.5617324344414375,
        "cm_ac": -0.054,
        "cm_alpha": null,
        "ld_cruise": 11.799886712681797,
        "ld_max": 13.864120175949605,
        "cl_ld_max": 0.9098074699188742,
        "downwash_angle_stall": 0.06464220937149094,
        "ld_stall": null,
        "cd_stall": null,
        "cd0_stall": null,
        "mach_stall": null,
        "deps_da": 0.3662016637120175,
        "mach_cruise": null,
        "cL_plus_slipstream": null,
        "cL_plus_slipstream_stall": null,
        "cd_tot_cruise": null
    },
    "Power": {
        "label": "Power",
        "powersystem_mass": 807.5565412267358,
        "battery_pos": 0.5,
        "battery_mass": 320.12060815026,
        "battery_power": 1216458.310970988,
        "battery_energy": 345730256.8022808,
        "battery_volume": 112.98374405303294,
        "fuelcell_volume": 0.039040559999999995,
        "fuelcell_mass": 126,
        "h2_tank_mass": 311.43593307647586,
        "h2_tank_volume": 1.1438400630272036,
        "h2_tank_radius": 0.206019930491138,
        "h2_tank_length": 4.426454430092876,
        "cooling_mass": 50.0,
        "nu_FC_cruise_fraction": 0.8168168168168168
    },
    "Engine": {
        "label": "Engine",
        "x_rotor_loc": [
            3.1248466424192243,
            3.1248466424192243,
            5.8358679674218426,
            5.8358679674218426,
            6.8,
            6.8
        ],
        "y_rotor_loc": [
            2.3,
            -2.3,
            4.697732064997583,
            -4.697732064997583,
            2.3,
            -2.3
        ],
        "total_disk_area": 40.0,
        "pylon_length": null,
        "totalmass": 641.5704594715205,
        "mass_perpowertrain": 106.92840991192008,
        "mass_pernacelle": 25.92840991192008,
        "mass_pertotalengine": 81.0,
        "thrust_coefficient": 0.0546103320741318,
        "t_factor": 11,
        "hub_radius": null,
        "prop_radius": 1.184601377163073,
        "prop_area": 4.4085354671215,
        "prop_n_blades": 6
    },
    "Stability": {
        "label": "Stability",
        "Cm_de": -3.9815320375676806,
        "Cn_dr": -0.17421163892760957,
        "Cxa": null,
        "Cxq": null,
        "Cza": null,
        "Czq": null,
        "Cma": null,
        "Cmq": null,
        "Cz_adot": null,
        "Cm_adot": null,
        "muc": null,
        "Cxu": null,
        "Czu": null,
        "Cx0": null,
        "Cz0": null,
        "Cmu": null,
        "Cyb": null,
        "Cyp": null,
        "Cyr": null,
        "Clb": null,
        "Clp": null,
        "Clr": null,
        "Cnb": null,
        "Cnp": null,
        "Cnr": null,
        "Cy_dr": null,
        "Cy_beta_dot": null,
        "Cn_beta_dot": null,
        "mub": null,
        "sym_eigvals": null,
        "asym_eigvals": null,
        "cg_front_bar": 0.03147443640372698,
        "cg_rear_bar": 0.559731764357117
    }
}