{
    "Wing": {
        "aspect_ratio": 6.789182813080794,
        "quarterchord_sweep": 0.0,
        "taper": 0.45,
        "washout": 0.0,
        "label": "Wing",
        "surface": 16.31759539819599,
        "span": 10.525356916904931,
        "chord_root": 2.1383624624922577,
        "chord_tip": 0.9622631081215159,
        "chord_mac": 1.6246638939165312,
        "y_mac": 2.2986411657608468,
        "sweep_LE": 0.055869808675171446,
        "x_lemac": 0.12842464214393157,
        "x_lewing": 7.726519956804965,
        "thickness_to_chord": 0.12,
        "wing_weight": 204.9662185950431
    },
    "Veetail": {
        "label": "Vtail",
        "surface": 8.660615620753855,
        "quarterchord_sweep": 0.0,
        "length_wing2vtail": 5.867862771605583,
        "shs": 0.5307531783580894,
        "virtual_hor_surface": 6.496521994467447,
        "virtual_ver_surface": null,
        "rudder_max": 0.047123889803846464,
        "elevator_min": -0.3019419605950194,
        "dihedral": 0.39383196827462424,
        "taper": 1.0,
        "c_control_surface_to_c_vee_ratio": 0.18557094182039052,
        "cL_cruise": 0.07538539066698365,
        "max_clh": -0.12000000000000001,
        "ruddervator_efficiency": 0.3974279224271874,
        "span": 6.580507435127574,
        "vtail_weight": 96.65152442540187,
        "thickness_to_chord": 0.12,
        "aspect_ratio": 5.0,
        "chord_root": 1.3161014870255145,
        "chord_tip": 1.3161014870255145,
        "chord_mac": 1.3161014870255145
    },
    "Fuselage": {
        "label": "Fuselage",
        "length_fuselage": 13.552688712781316,
        "beta_crash": 0.5,
        "length_tail": 8.393688712781316,
        "diameter_fuselage": 2.0,
        "upsweep": 0.3181089452108155,
        "volume_fuselage": 8.0,
        "wetted_area": 60,
        "length_cabin": 2.7,
        "height_cabin": 1.6,
        "height_fuselage_outer": 2.009110359905379,
        "height_fuselage_inner": 1.8091103599053788,
        "width_fuselage_inner": 2.08,
        "width_fuselage_outer": 2.2,
        "length_cockpit": 2.103,
        "crash_box_area": 1.2305261865733579,
        "fuselage_weight": 413.9588876074435,
        "bc": 0.8242670479510498,
        "hc": 0.49257342678166116,
        "bf": 0.6326445036065788,
        "hf": 0.3
    },
    "AircraftParameters": {
        "label": "Aircraft",
        "MTOM": 3136.637180957714,
        "Stots": 12.0,
        "prop_eff": 0.8002154418980453,
        "glide_slope": 0.08080278989090124,
        "mission_energy": 1409090929.6206694,
        "mission_time": 6197.5464436654665,
        "climb_energy": 150906327.31683046,
        "cruise_energy": 1142321726.6093733,
        "descend_energy": 0,
        "hover_energy": 38659786.91595609,
        "hor_loiter_energy": 77203088.77850956,
        "cruisePower": 278706.94738977693,
        "hoverPower": 1073882.9698876692,
        "max_thrust": 36903.179289173146,
        "TW_max": 1.2374269005847953,
        "v_stall": 45.0,
        "v_approach": null,
        "OEM": 2626.637180957714,
        "wing_loading_cruise": 1885.2749999999999,
        "turn_loadfactor": 0.9,
        "v_max": 90.0,
        "max_thrust_per_engine": null,
        "v_climb": 51.119582604779445,
        "n_max": 2.5136907023287858,
        "n_ult": 3.7705360534931787,
        "oem_cg": 7.448892608027587,
        "cg_front": 7.384280606184146,
        "cg_rear": 8.159624628305442,
        "cg_front_bar": 0.05663188564692237,
        "cg_rear_bar": 0.5338653768474909,
        "wing_loc": 0.5669491525423729,
        "misc_mass": 316.24368384733737,
        "lg_mass": 128.24791967804023
    },
    "Aero": {
        "label": "Aero",
        "cd0_cruise": 0.031081550828158434,
        "cL_max": 1.6,
        "cL_alpha": 4.65264927239382,
        "e": 0.8453757986926881,
        "cL_endurance": 1.177458706784965,
        "cL_alpha0_approach": 0.7714384630660114,
        "alpha_approach": 0.16580627893946132,
        "cd_cruise": 0.04858170259236609,
        "cd_upsweep": 0.01379451573279784,
        "cd_base": 0.0,
        "cL_cruise": 0.5617324344414375,
        "cm_ac": -0.054,
        "cm_alpha": null,
        "ld_cruise": 11.562633758531666,
        "ld_max": 12.348864313076747,
        "cl_ld_max": 0.7714384630660114,
        "downwash_angle_stall": 0.06578421193007374,
        "ld_stall": null,
        "cd_stall": null,
        "cd0_stall": null,
        "mach_stall": null,
        "deps_da": 0.43627762018584754,
        "mach_cruise": null,
        "cL_plus_slipstream": null,
        "cL_plus_slipstream_stall": null,
        "cd_tot_cruise": null
    },
    "Power": {
        "h2_tank_length" :  4.58,
        "battery_pos" : 0.5,
        "cooling_mass" :50
    },
    "Engine": {
        "label": "Engine",
        "x_rotor_loc": [
            3.1248466424192243,
            3.1248466424192243,
            5.8358679674218426,
            5.8358679674218426,
            6.8,
            6.8
        ],
        "y_rotor_loc": [
            2.3,
            -2.3,
            4.697732064997583,
            -4.697732064997583,
            2.3,
            -2.3
        ],
        "total_disk_area": 40.0,
        "pylon_length": null,
        "totalmass": 642.7699122758775,
        "mass_perpowertrain": 107.12831871264625,
        "mass_pernacelle": 26.128318712646234,
        "mass_pertotalengine": 81.0,
        "thrust_coefficient": 0.06205904482273489,
        "t_factor": 11,
        "thrust_per_engine": null,
        "hub_radius": null,
        "prop_radius": null,
        "prop_area": null
    },
    "Stability": {
        "label": "Stability",
        "Cm_de": -3.382323387054185,
        "Cn_dr": -0.18178605801141878,
        "Cxa": null,
        "Cxq": null,
        "Cza": null,
        "Czq": null,
        "Cma": null,
        "Cmq": null,
        "Cz_adot": null,
        "Cm_adot": null,
        "muc": null,
        "Cxu": null,
        "Czu": null,
        "Cx0": null,
        "Cz0": null,
        "Cmu": null,
        "Cyb": null,
        "Cyp": null,
        "Cyr": null,
        "Clb": null,
        "Clp": null,
        "Clr": null,
        "Cnb": null,
        "Cnp": null,
        "Cnr": null,
        "Cy_dr": null,
        "Cy_beta_dot": null,
        "Cn_beta_dot": null,
        "mub": null,
        "sym_eigvals": null,
        "asym_eigvals": null,
        "cg_front_bar": 0.05663188564692237,
        "cg_rear_bar": 0.5338653768474909
    }
}